{
  "best_model": "xgboost",
  "trained_at": "2026-07-11T05:46:11.080254+00:00",
  "cv_scores": {
    "random_forest": 0.7030912500000011,
    "xgboost": 0.6755473430633543,
    "lightgbm": 0.7455115700509902
  },
  "test_metrics": {
    "mae": 0.44016017456054707,
    "rmse": 0.9407793924934461,
    "r2": 0.9957874803621817,
    "best_model": "xgboost",
    "cv_mae": {
      "random_forest": 0.7030912500000011,
      "xgboost": 0.6755473430633543,
      "lightgbm": 0.7455115700509902
    }
  },
  "records_used": 500,
  "train_size": 400,
  "test_size": 100
}