{
  "num__consent": 0.913973331451416,
  "num__communication_readiness": 0.07829980552196503,
  "num__previous_campaign_response": 0.0023991926573216915,
  "cat__referral_source_Branch Referral": 0.0010268291225656867,
  "cat__lead_source_Referral": 0.0008178770076483488,
  "cat__lead_source_Other": 0.0006679707439616323,
  "num__credit_score": 0.0005075180088169873,
  "num__digital_engagement_score": 0.00044835839071311057,
  "num__lead_quality_score": 0.00040584371890872717,
  "cat__lead_source_Digital": 0.0004029338888358325,
  "num__behaviour_score": 0.00021941575687378645,
  "cat__referral_source_Financial Advisor": 0.00015206902753561735,
  "cat__campaign_Credit Card Offer": 0.00010107904381584376,
  "cat__campaign_Salary Account": 9.581010090187192e-05,
  "cat__referral_source_Bank Website": 8.362298831343651e-05,
  "cat__lead_source_Direct": 6.636761099798605e-05,
  "cat__campaign_Home Loan Campaign": 6.598717300221324e-05,
  "cat__referral_source_Existing Customer": 6.172811845317483e-05,
  "num__estimated_income": 5.551330832531676e-05,
  "cat__campaign_Mortgage Campaign": 4.372611874714494e-05,
  "cat__referral_source_Digital Campaign": 4.302680099499412e-05,
  "cat__referral_source_Google Ads": 2.4334976842510514e-05,
  "cat__campaign_Auto Loan Campaign": 8.369826900889166e-06,
  "cat__campaign_Festive Offer": 7.0469391175720375e-06,
  "cat__campaign_Personal Loan Drive": 4.744876150652999e-06,
  "cat__referral_source_Facebook Ads": 3.0984017485025106e-06,
  "cat__occupation_Government Employee": 2.9610851015604567e-06,
  "cat__employer_Shapoorji Pallonji": 2.913887101385626e-06,
  "cat__occupation_Chartered Accountant": 2.640945012899465e-06,
  "cat__referral_source_Partner": 1.9749988950934494e-06,
  "cat__occupation_Software Engineer": 1.387892780257971e-06,
  "cat__employer_Self Employed": 8.386558079109818e-07,
  "cat__referral_source_LinkedIn": 8.37362790662155e-07,
  "cat__occupation_Freelancer": 6.178249236654665e-07,
  "cat__occupation_Business Owner": 2.6171031208832574e-07,
  "cat__employer_Hdfc Bank": 9.859686400659484e-09,
  "cat__referral_source_Walk-in": 0.0
}