{
  "num__consent": 0.986761748790741,
  "num__communication_readiness": 0.0059736184775829315,
  "cat__referral_source_Bank Website": 0.002024695510044694,
  "num__previous_campaign_response": 0.0008674711571075022,
  "num__credit_score": 0.0008230491657741368,
  "cat__referral_source_Financial Advisor": 0.0005160246510058641,
  "num__digital_engagement_score": 0.0005117591354064643,
  "num__lead_quality_score": 0.0004922961234115064,
  "cat__lead_source_Other": 0.00043159740744158626,
  "cat__lead_source_Digital": 0.0004042242362629622,
  "cat__lead_source_Referral": 0.00029098050436004996,
  "num__behaviour_score": 0.0002706847444642335,
  "cat__campaign_Mortgage Campaign": 0.00015184146468527615,
  "cat__campaign_Festive Offer": 0.00014804732927586883,
  "cat__referral_source_Branch Referral": 0.00013833775301463902,
  "num__estimated_income": 7.031237328192219e-05,
  "cat__occupation_Bank Employee": 1.8572342014522292e-05,
  "cat__campaign_Home Loan Campaign": 1.5355593859567307e-05,
  "cat__occupation_Civil Engineer": 1.526702726550866e-05,
  "cat__employer_Self Employed": 1.4416938938666135e-05,
  "cat__referral_source_Partner": 1.4374313650478143e-05,
  "cat__referral_source_LinkedIn": 1.2816121852665674e-05,
  "cat__lead_source_Direct": 7.455326340277679e-06,
  "cat__campaign_Auto Loan Campaign": 6.4901996665867046e-06,
  "cat__employer_Aiims": 6.1247224039107095e-06,
  "cat__employer_Shapoorji Pallonji": 3.045983703486854e-06,
  "cat__employer_Indian Railways": 2.4368002868868643e-06,
  "cat__campaign_Personal Loan Drive": 1.8749454966382473e-06,
  "cat__occupation_Software Engineer": 1.5460990425708587e-06,
  "cat__occupation_Freelancer": 1.1288326504654833e-06,
  "cat__occupation_Chartered Accountant": 1.1061807754231268e-06,
  "cat__occupation_Business Owner": 9.182719509226445e-07,
  "cat__referral_source_Facebook Ads": 3.2129409532899444e-07,
  "cat__occupation_Teacher": 1.0641736025718274e-07,
  "cat__referral_source_Google Ads": 8.392308359361778e-08,
  "cat__employer_Hdfc Bank": 1.7977235700072924e-08,
  "cat__campaign_Digital Lending": 0.0
}